{"cameraMode":{"drawMode":0,"name":"Shaded","section":"Shading Mode"},"sceneLighting":true,"audioPlay":false,"sceneViewState":{"showFog":true,"showMaterialUpdate":false,"showSkybox":true,"showFlares":true,"showImageEffects":true,"showParticleSystems":true},"in2DMode":false,"pivot":{"x":364.9750671386719,"y":396.14898681640627,"z":37.13330078125},"rotation":{"x":0.05877493694424629,"y":0.005984887946397066,"z":-0.000352434377418831,"w":0.9982532858848572},"size":1420.4326171875,"orthographic":false}