{"cameraMode":{"drawMode":0,"name":"Shaded","section":"Shading Mode"},"sceneLighting":true,"audioPlay":false,"sceneViewState":{"showFog":true,"showMaterialUpdate":false,"showSkybox":true,"showFlares":true,"showImageEffects":true,"showParticleSystems":true},"in2DMode":false,"pivot":{"x":-2.953423500061035,"y":-5.260773658752441,"z":8.909964561462403},"rotation":{"x":0.27321362495422366,"y":-0.18751375377178193,"z":0.054389577358961108,"w":0.941931426525116},"size":27.43497085571289,"orthographic":false}